n,t,rho,real_part,imag_part,hardy_z,zeta_real,zeta_imag,zeta_error,real_error,tolerance,pass
1,14.1347251417346937904572519835624702707842571156992431756855676382522684434656137260598351,(0.5 + 14.1347251417346937904572519835624702707842571156992431756855676382522684434656137260598351j),0.5,14.1347251417346937904572519835624702707842571156992431756855676382522684434656137260598351,1.41263701426424308014018369035984124853842380985254152158040625766834432161943944400827989e-61,-2.2209327112959785946300126117567497292989729854263460095220166451835594632402203482131566e-62,1.39506914272675038671243646566575957787550975424185974047574363737311948995780707178956769e-61,1.4126370142642430801401837377018656671532817678975686000752344712489099147018724224994327e-61,0.0,1e-50,True
2,21.02203963877155499262847959389690277733434052490278175462952018475303653100008669344044,(0.5 + 21.02203963877155499262847959389690277733434052490278175462952018475303653100008669344044j),0.5,21.02203963877155499262847959389690277733434052490278175462952018475303653100008669344044,2.48779688069775449623444880498383421444635889593887529970469354278000520963465870293188068e-61,-5.44306743400576030430783888363989145456229287985295830176970444448615024436102235005779653e-62,-2.42752208819984515499642929135436907974182069509702495374581681833707684179123855423397025e-61,2.48779688069775449623444880422195792967302708771406717526876549835565929764276142742556444e-61,0.0,1e-50,True
3,25.0108575801456887632137909925628218186595496725579966724965424881413934493643254832957011,(0.5 + 25.0108575801456887632137909925628218186595496725579966724965424881413934493643254832957011j),0.5,25.0108575801456887632137909925628218186595496725579966724965424881413934493643254832957011,6.60341554150171651331393897792353475411614872669929312755355037516557891652323299584467526e-61,-2.16646007395529120960164871205526941576005081078853162344419515717690179984392720708101072e-61,6.23791211558034392818708731615283402515633000956918016194881444514210647465612734937425387e-61,6.60341554150171651331393905698614063159112271481977789390457069717794122614372590616279483e-61,0.0,1e-50,True
4,30.4248761258595132103118975305840913201815600237154401809621456581832340681465087439779271,(0.5 + 30.4248761258595132103118975305840913201815600237154401809621456581832340681465087439779271j),0.5,30.4248761258595132103118975305840913201815600237154401809621456581832340681465087439779271,4.93945995715577935053315317958966333240263697482658455749213174000898612192232416949816986e-61,-2.52859325712075969610204105401156417045207215393111168849036699219493993353025942154879649e-61,-4.24316872259268064350003783867642115476204950553412924131167892169913078653834715771066616e-61,4.93945995715577935053315310794895441167916259554248235474567316159297199296773927618045662e-61,0.0,1e-50,True
5,32.9350615877391896906623689640749034888127156035170390092800035001488859124535075861391401,(0.5 + 32.9350615877391896906623689640749034888127156035170390092800035001488859124535075861391401j),0.5,32.9350615877391896906623689640749034888127156035170390092800035001488859124535075861391401,8.20482413541846020680194791367053572660924230501359246896491817389069063936252814450316289e-62,-4.45559493477442544952763050603993577824582550509475680602475825318365480990619908612810575e-62,6.88961630792004022017219004893197945692075364376637682148027535915771986673392958574588034e-62,8.20482413541846020680194920524365450889455340307522590278871168872488556111311527061233227e-62,0.0,1e-50,True
6,37.5861781588256712572177634807053328214055973508307932183330010694071140882285678016701033,(0.5 + 37.5861781588256712572177634807053328214055973508307932183330010694071140882285678016701033j),0.5,37.5861781588256712572177634807053328214055973508307932183330010694071140882285678016701033,8.56227674658825300728585770850932217417848688373235614024101652678361336457580545828964247e-62,-2.48048300881545553166552085218564394353353593993524009212907991954049192877132231022592567e-62,-8.19510751168913850275849312214699834058754439637220763121323778993552795950375792305470983e-62,8.56227674658825300728585801043769551718996920647051419595921057085438539877118849442729534e-62,0.0,1e-50,True
7,40.9187190121474951873981269146332543957261659627772795361613033571102173113902726056564676,(0.5 + 40.9187190121474951873981269146332543957261659627772795361613033571102173113902726056564676j),0.5,40.9187190121474951873981269146332543957261659627772795361613033571102173113902726056564676,-4.62302587632859369103258041399854751057900167455404443760253663381765935046935946944073901e-61,-9.39326993926228630446452755868758927899217258016013897183816602266849665929518634536540054e-62,-4.52659176993963930950844475581129103419698733355851910058292131071792070405651864907406392e-61,4.62302587632859369103258033102046844383543442468978387297441804343725270069625579252861629e-61,0.0,1e-50,True
8,43.3270732809149995194961221654068057826456683718368714468788936596425984315813566363607519,(0.5 + 43.3270732809149995194961221654068057826456683718368714468788936596425984315813566363607519j),0.5,43.3270732809149995194961221654068057826456683718368714468788936596425984315813566363607519,4.74484991450725356773815396135133590451934313451217849497536265698917004122977573448703573e-62,2.85627567664841675702551913185967282833618737151903383657779901771794246865444301524855183e-62,-3.78883754866662506955075425237141199988029012130816632802056852030273897983252724015235e-62,4.74484991450725356773815230877076618208841629942256313166840257959033310834627573351920913e-62,0.0,1e-50,True
9,48.0051508811671597279424727494275160416868440011444251177753125815256499102506471848149339,(0.5 + 48.0051508811671597279424727494275160416868440011444251177753125815256499102506471848149339j),0.5,48.0051508811671597279424727494275160416868440011444251177753125815256499102506471848149339,9.67656680098531507110061938278690245851741908230828582791006397886738676528574402702724631e-62,7.27493149319306837909811880498397281951858880739899115207274547511862973324190984247912187e-62,6.38054204776356337885344833245036700879792263809599576535339378877811587898658023212989181e-62,9.67656680098531507110062160570966696093912946000289248243154188720626459760641188149877226e-62,0.0,1e-50,True
10,49.7738324776723021819167846785637240577231782996766621007819558985305758978553386739751961,(0.5 + 49.7738324776723021819167846785637240577231782996766621007819558985305758978553386739751961j),0.5,49.7738324776723021819167846785637240577231782996766621007819558985305758978553386739751961,-2.10139700709790185291190717378842116122283289073019171352570204923694239699781124196351157e-61,-9.63787593307401455710141286436313618712858515474312982193130032704692614593831303111096088e-62,1.86734647466043277480423368889993097181468854658414389221296496175428058187401919351828278e-61,2.10139700709790185291190726507304468089085819943323459936345702026306628197042413476088798e-61,0.0,1e-50,True
11,52.9703214777144606441472966088809900638250178888212247799007486047987061793019655726573272,(0.5 + 52.9703214777144606441472966088809900638250178888212247799007486047987061793019655726573272j),0.5,52.9703214777144606441472966088809900638250178888212247799007486047987061793019655726573272,1.12710021471571408885698672483473149870686423106912702471693307849760775721975813839288003e-60,-2.89844682150481206558075289141798422300997393750697543878830154055148509259444652512169357e-61,1.08919463560985982437432739880518744695109192346828334154449498102553563300493755356859387e-60,1.12710021471571408885698672415283086820920181403418743620059381574358959699406337654090271e-60,0.0,1e-50,True
12,56.4462476970633948043677594767061275527822644717166318454509693880938732327074387331254539,(0.5 + 56.4462476970633948043677594767061275527822644717166318454509693880938732327074387331254539j),0.5,56.4462476970633948043677594767061275527822644717166318454509693880938732327074387331254539,1.07945771421769067245860329424858184384651959883115168580674954476303886859651907993024097e-60,-3.79457854516936350656249142500508689781720119036003840312642159323823226046170987536915605e-61,-1.01056454194152543229153615903846217565156246617192004858833558050935264657819530267992417e-60,1.07945771421769067245860328230442624745527630276356069815365472222056320818496112762318782e-60,0.0,1e-50,True
13,59.3470440026023530796536486749922190310987728064666696981224513679180573268847958105620062,(0.5 + 59.3470440026023530796536486749922190310987728064666696981224513679180573268847958105620062j),0.5,59.3470440026023530796536486749922190310987728064666696981224513679180573268847958105620062,-5.38390416989536090463870393209049531423191660172659265248496460781709501774347405579180866e-61,-2.28569978265360888741477478117857176873178523817721705590374666478500183775633167134572475e-61,-4.87462825394859215708567298300161747956588110280427400621657158870073786495719254585447387e-61,5.38390416989536090463870386540227594805966450599888120408670147385812323899380690814336849e-61,0.0,1e-50,True
14,60.831778524609809844259901824524003802910090451219178257101348380376083116167248350455146,(0.5 + 60.831778524609809844259901824524003802910090451219178257101348380376083116167248350455146j),0.5,60.831778524609809844259901824524003802910090451219178257101348380376083116167248350455146,7.35157071724588215903526935818632330503810212201470388777437273417048753972709065245535601e-61,6.29084456402738787464469649567894148127502705118752474871240421990199987968889570676446406e-61,-3.80405923743495330296392604930655352710703470873785980113601609786323998600002423041792357e-61,7.35157071724588215903526932835919279128516161592187710515476474472656364375391959912066952e-61,0.0,1e-50,True
15,65.1125440480816066608750542531837050293481492951667224059665007337236648677101493602167699,(0.5 + 65.1125440480816066608750542531837050293481492951667224059665007337236648677101493602167699j),0.5,65.1125440480816066608750542531837050293481492951667224059665007337236648677101493602167699,-8.07475442727461481515179146787673085096956659802373528366352062544657298562387032681010026e-61,-5.58758231657803796438440914559044342409005572280657811834869063114738743709995812109436723e-61,-5.82928665586582724590536781098991267891911243917956964470188490520789596477536316013720338e-61,8.07475442727461481515179112296492605502791186819326181415864933991680657114109635632219453e-61,0.0,1e-50,True
16,67.0798105294941737144788288965222167701071449517455588741966697689777730831063240674887278,(0.5 + 67.0798105294941737144788288965222167701071449517455588741966697689777730831063240674887278j),0.5,67.0798105294941737144788288965222167701071449517455588741966697689777730831063240674887278,-3.87541288823973260477112828442551818920254748114203072334494058558061014480027758578362491e-61,-2.42785871416974930607537037067044148491408944301205367709906381732541248973472380661648861e-62,3.86780041819312676797851234855661811371555329273010065902811817988050284647732503975981542e-61,3.87541288823973260477112849896984938228378118304392738149698374582203527335113128359731395e-61,0.0,1e-50,True
17,69.5464017111739792529268575265547384430124742096025101573245404575762282930098669795081219,(0.5 + 69.5464017111739792529268575265547384430124742096025101573245404575762282930098669795081219j),0.5,69.5464017111739792529268575265547384430124742096025101573245404575762282930098669795081219,1.00113988853338061516770754313107611650356456089895803664478054034273514982354201024012101e-60,-2.58765763198100629367564855012239367726463513675850992362149217741418279981165909170522142e-61,9.67120135355031408668679624245562868117114824233204291752714793366782231386373438793661039e-61,1.00113988853338061516770758769482730866681897390965671682725415717447231959447041120762164e-60,0.0,1e-50,True
18,72.0671576744819075825221079698261683904809066214566970866833058885328963214948526780188088,(0.5 + 72.0671576744819075825221079698261683904809066214566970866833058885328963214948526780188088j),0.5,72.0671576744819075825221079698261683904809066214566970866833058885328963214948526780188088,7.79540549415820302717871487408839388617891323203193023899098929122501686311213143668127904e-61,2.67577719565734153170393957195808980194722013724679049770501493238333782533201998729632925e-61,-7.32178688692535154050985286604749361249674515320805757018808904655991402229556644438021078e-61,7.79540549415820302717871446357742691543274461758206029567310631286300123211552649276772909e-61,0.0,1e-50,True
19,75.7046906990839331683269167620303459228119035306974003016477755558068149047449982910546733,(0.5 + 75.7046906990839331683269167620303459228119035306974003016477755558068149047449982910546733j),0.5,75.7046906990839331683269167620303459228119035306974003016477755558068149047449982910546733,4.52421179346186381330715703653045785306845003417081166776790600520656341198239129916420541e-61,3.78347156379661843251641968001945386302433381336093857340771319166888023442884837467210004e-61,2.48069249969474953654249829612344007039800810771380572338129008017625730516294657805873197e-61,4.52421179346186381330715702406883633153691818623466106412817284121792374603202063123566799e-61,0.0,1e-50,True
20,77.1448400688748053726826648563046370157960324492344610417652312607293339694892462454258581,(0.5 + 77.1448400688748053726826648563046370157960324492344610417652312607293339694892462454258581j),0.5,77.1448400688748053726826648563046370157960324492344610417652312607293339694892462454258581,2.80462976412303819969085187950111436447451099645231691498234706863794319258219838693121527e-61,9.67242298226586148041106885135452483960915749786196443975389168927801991752379436679354996e-62,-2.63256347508017376443862377642917481650122079852980550193810710997080910279812511852806746e-61,2.80462976412303819969085182016154658968109742866801830963550593095467845077086938408810872e-61,0.0,1e-50,True
21,79.3373750202493679227635928771162281906132467431200308784387207661699715047779994822815606,(0.5 + 79.3373750202493679227635928771162281906132467431200308784387207661699715047779994822815606j),0.5,79.3373750202493679227635928771162281906132467431200308784387207661699715047779994822815606,7.09771899799978948875565040983798904991466459986989152415171857095818448940403986898791943e-61,-4.72819017050125201915383583950706194448803541410952294373681828848923444866466287665797312e-61,5.29356521506465215901909963300643606473164914958722329287514444611553214363049225324989331e-61,7.09771899799978948875565070575388337384552093957797123644717391320018722472589143261322741e-61,0.0,1e-50,True
22,82.9103808540860301831648374947706094975088805937821491465713065565918147291212722550327374,(0.5 + 82.9103808540860301831648374947706094975088805937821491465713065565918147291212722550327374j),0.5,82.9103808540860301831648374947706094975088805937821491465713065565918147291212722550327374,-7.18071348251044836707116211075095971902584443737389983132493438941475673095767782557618125e-61,4.62188869341970211198191687285897161016579567420709744677585144472103175723897539553067677e-61,5.49552463587840265866659110172382119483121583401143882547302423970789142560728184768503818e-61,7.18071348251044836707116242034489663384219375915188491277736357382595842750415265101908164e-61,0.0,1e-50,True
23,84.7354929805170501057353112068277414171066279342408187027355297522656298181848880551688658,(0.5 + 84.7354929805170501057353112068277414171066279342408187027355297522656298181848880551688658j),0.5,84.7354929805170501057353112068277414171066279342408187027355297522656298181848880551688658,1.36668432067070879429775092011434860802251233128312714482587895040480842948248243992977088e-61,-1.06597861117249134885374023117345369846978290197980729548975089174417400953804532955203171e-62,1.36252079924395445919226307162039502376696887336659152202983242961901233770400553752534418e-61,1.36668432067070879429775118187724284182839727589499078935703880062331407053411945732569892e-61,0.0,1e-50,True
24,87.4252746131252294065316678509192132521718864012690281864555579956657961726423409242243257,(0.5 + 87.4252746131252294065316678509192132521718864012690281864555579956657961726423409242243257j),0.5,87.4252746131252294065316678509192132521718864012690281864555579956657961726423409242243257,-1.03032368829836533329718615123458020787935765879082099426554835347318938862247650592886917e-61,3.04866894040578431095729751710115212492589335788729593449400300216365904698891154423986272e-62,9.84186506505142961428350560942093449505921432286959332236759256296670170227776179582323297e-62,1.03032368829836533329718643545601946231138973689320262481329007867522770362086520630401416e-61,0.0,1e-50,True
25,88.8091112076344654236823480795093783954448934098186750421998718641181700203044954134747834,(0.5 + 88.8091112076344654236823480795093783954448934098186750421998718641181700203044954134747834j),0.5,88.8091112076344654236823480795093783954448934098186750421998718641181700203044954134747834,5.3389487602598192868551976102045071931705023016651089860541192668631994012775559714612977e-61,-4.53251548296104100194873007726774550177590544468425478979088266145724797560027718893806279e-61,2.82146721784930589215544467051199342060210268722498607278827043066771592044138310615056085e-61,5.33894876025981928685519787108602713010638892072276798759815101833083301388251541589510762e-61,0.0,1e-50,True
26,92.4918992705584842962597252418106848787217940277306461750967503278104313884438575762272111,(0.5 + 92.4918992705584842962597252418106848787217940277306461750967503278104313884438575762272111j),0.5,92.4918992705584842962597252418106848787217940277306461750967503278104313884438575762272111,4.84932098639538950169694961839788004245701496065060806554045673292180233064604324473603252e-61,-3.33798481662300805772275465131554569699331667402829030870863238528400029004399211565826054e-61,-3.51763718895070483111206758042028504938063406116022396322892899940069447562782032178342378e-61,4.84932098639538950169694908481313151320137137050948864246630619572317148311328377039958986e-61,0.0,1e-50,True
27,94.6513440405198869665979258152081539377280270156548520195924739775472356346867507250268491,(0.5 + 94.6513440405198869665979258152081539377280270156548520195924739775472356346867507250268491j),0.5,94.6513440405198869665979258152081539377280270156548520195924739775472356346867507250268491,-4.39332513289726851954850306160090328035903920481993958313511164028954107142927958665735028e-61,-2.235154696594575530299916855094790627070099505069987816907138676286152468957702682470663e-61,-3.78224658181324993120627517279250287782421113492721195001712813157688385628434856044840945e-61,4.39332513289726851954850294538754825871399540885052664833166051251134364960558458325077668e-61,0.0,1e-50,True
28,95.8706342282453097587410292192467816952564612249879984205292815627779577796274077552621284,(0.5 + 95.8706342282453097587410292192467816952564612249879984205292815627779577796274077552621284j),0.5,95.8706342282453097587410292192467816952564612249879984205292815627779577796274077552621284,1.50511987254677033601377656736667421209278349658801956110816148323668677483266581233471652e-61,1.22462526491817988379255338513280957927365172360425310940258536949207603673621270886471883e-61,-8.75030737322571954111175857983457587977996928427231262842317199160402338509297954370910167e-62,1.50511987254677033601377630576398940852263324981240026505839038631477750829897428330626488e-61,0.0,1e-50,True
29,98.8311942181936922333244201386223278206580390634281961028193215637310798722992979297354189,(0.5 + 98.8311942181936922333244201386223278206580390634281961028193215637310798722992979297354189j),0.5,98.8311942181936922333244201386223278206580390634281961028193215637310798722992979297354189,-5.76003827290310929125098994974202458520992946259668109664421735792162949523592024741290977e-61,2.03953292512347984762143204055215995468646788225110119564982096767515789440716624061703827e-62,-5.75642631845331681103548403951190696984839242312729792362827084128404272659608047589576436e-61,5.76003827290310929125098931264782664302848216114327028899481482187360444164345789128986454e-61,0.0,1e-50,True
30,101.31785100573139122878544794029230890633286638430089479992831894738020381938411819136677,(0.5 + 101.31785100573139122878544794029230890633286638430089479992831894738020381938411819136677j),0.5,101.31785100573139122878544794029230890633286638430089479992831894738020381938411819136677,-7.32351562199349293363136269437868665449068636521677469110618445343997669657015406096824184e-61,1.91480832987738239410155486373955469437403239095483906894462162998185219109851051308910351e-61,7.06876156942748545029840512515577130853384104874226742447206895314599928354158022207488267e-61,7.32351562199349293363136272729923194549760849846253489354349976378930869967513240450234733e-61,0.0,1e-50,True
31,103.725538040478339416398408108695280834481173069495764519885166210273184133072984894341238,(0.5 + 103.725538040478339416398408108695280834481173069495764519885166210273184133072984894341238j),0.5,103.725538040478339416398408108695280834481173069495764519885166210273184133072984894341238,9.02157407402808405503092245310132741898276231116769920327144718466615242470132877437727945e-61,4.20017285177469604949702508796280605264385981445691920610843986487121367971308583565471571e-61,7.98419355905093895351847695110006738576990403953345772683950118152437350483861168490699647e-61,9.02157407402808405503092265095586890930103151809143734011781889567387476789556543169045904e-61,0.0,1e-50,True
32,105.446623052326094493670832414111808997282753928535138480569447057684576003545063242350547,(0.5 + 105.446623052326094493670832414111808997282753928535138480569447057684576003545063242350547j),0.5,105.446623052326094493670832414111808997282753928535138480569447057684576003545063242350547,1.0585745553058489328979049504808092566815667330038731948120558766113540345731637573195875e-61,2.48917670089753341351515957490969936116785228152476186619704098996551817914525172982998017e-62,-1.02889264875304874342429290600046865305532342553967736544349400216145033951657655687434308e-61,1.05857455530584893289790492833057859087653583027798027552559651626097049509947546052202462e-61,0.0,1e-50,True
33,107.168611184276407515123351963086191213476707881404765279264710050456232842596851384142228,(0.5 + 107.168611184276407515123351963086191213476707881404765279264710050456232842596851384142228j),0.5,107.168611184276407515123351963086191213476707881404765279264710050456232842596851384142228,-1.10679327384819140569223437764342653521555046655681147345840732563196744999293496409788458e-60,8.96199271794732907149634763038237246710544113116654389701953134031546956563896280109754335e-61,-6.49475339231743323400347327095149520900087107256630873352796532977754512409919394317287511e-61,1.10679327384819140569223438532091782653906693080483335998294453101818533747557444380890751e-60,0.0,1e-50,True
34,111.029535543169674524656450309944350415345968390073056846190794386541522949320569317677741,(0.5 + 111.029535543169674524656450309944350415345968390073056846190794386541522949320569317677741j),0.5,111.029535543169674524656450309944350415345968390073056846190794386541522949320569317677741,6.02873306749174485794581789256371310036741850371070135312634529679396325521216157166317326e-61,-5.96467167390315317999003931088640293985319442348721426111827765472857153046086224196268129e-61,-8.76535351030282264989123339472031194156031348774770400769812489385501648576323680250455521e-62,6.02873306749174485794581771880901172504399382207492518256422540057882772381626544384527881e-61,0.0,1e-50,True
35,111.874659176992637085612078716770594960311749873385873816619420099100283929421957595791238,(0.5 + 111.874659176992637085612078716770594960311749873385873816619420099100283929421957595791238j),0.5,111.874659176992637085612078716770594960311749873385873816619420099100283929421957595791238,6.52548620949782305446127784641136070914903932093887661644248641240586175540381337998182403e-61,-3.13730210588131932129858527520731335477031627365628414918232443157575081394069137523544304e-61,5.72182713534574597991553665377520560638963472335671191926154863857801547032017192305420158e-61,6.52548620949782305446127771728654937047490425959618693290331756613027348142261936088534138e-61,0.0,1e-50,True
36,114.320220915452712765890937276191079809917657723829892287728430672478789140675981035816365,(0.5 + 114.320220915452712765890937276191079809917657723829892287728430672478789140675981035816365j),0.5,114.320220915452712765890937276191079809917657723829892287728430672478789140675981035816365,9.39137495905561992899858245621896251528956854923044231698533039093196419747535193398950106e-61,1.02040543618285979550460990098748504586040479267166953231874244228654379536444994368658859e-61,-9.33577508123377051954251024520353945790863621255158365331794047928557515444938094271313858e-61,9.39137495905561992899858183220092775434340092206000459336126141550499260326853189913771239e-61,0.0,1e-50,True
37,116.226680320857554382160804312064755127329851232383220283862641825790477010921393990514523,(0.5 + 116.226680320857554382160804312064755127329851232383220283862641825790477010921393990514523j),0.5,116.226680320857554382160804312064755127329851232383220283862641825790477010921393990514523,-1.51485200196626516153054498003475029564045240909520417028967981162290057229440306051933955e-60,6.9565410602557514652700371121348332176913787580079800727128897179596677925904949286590967e-61,-1.34567527755805905696138065688549531528315418840035721629093759910120178128572754313946271e-60,1.51485200196626516153054497878578918439052750979668880151427333492707110332408196264909629e-60,0.0,1e-50,True
38,118.790782865976217322979139702699824347306210592809382784193716659705614375928205002696314,(0.5 + 118.790782865976217322979139702699824347306210592809382784193716659705614375928205002696314j),0.5,118.790782865976217322979139702699824347306210592809382784193716659705614375928205002696314,-5.65673613040751021378236068979477730763770032116268579231779620472916832798351721383371486e-61,7.66494294118509645686467168125536742854224516452465387943986947051452221355969617316288131e-62,5.60456511659392713215890188334451045153315093191541678754486837032002415833614038096397303e-61,5.65673613040751021378236123623023746062753022308795338903002343616593984600345442973939469e-61,0.0,1e-50,True
39,121.370125002420645918945532970499922723001310631728742302575132762637494141639675778126065,(0.5 + 121.370125002420645918945532970499922723001310631728742302575132762637494141639675778126065j),0.5,121.370125002420645918945532970499922723001310631728742302575132762637494141639675778126065,2.91234393476677188654403887923367650388667443022703814569510105524971932708752099173607937e-61,2.0875539490678112485356904803049888702121006712660336161519592167198722326463590868979377e-61,2.03073033761358609918397775793842347004144819456530173605474970585224520703666694524947036e-61,2.91234393476677188654403936800066226520002900071676259480163869935203316838135601228256665e-61,0.0,1e-50,True
40,122.946829293552588200817460330770016496214389873863517211950035244152629107563434348148407,(0.5 + 122.946829293552588200817460330770016496214389873863517211950035244152629107563434348148407j),0.5,122.946829293552588200817460330770016496214389873863517211950035244152629107563434348148407,-5.12747045774883841216027362184481348609638032357037939405527725645923031885158698275509444e-61,-1.5463329857365427400380071176970977043110518365077745481000086633118269953855808185155189e-63,5.12744714068480717978105513037534128044340698066384443238702834586828257720424309091176031e-61,5.12747045774883841216027377634059433816254182851456024140735914623674372875631263520071105e-61,0.0,1e-50,True
41,124.256818554345767184732007966129924441573538774693561140355076529988311286881459457585518,(0.5 + 124.256818554345767184732007966129924441573538774693561140355076529988311286881459457585518j),0.5,124.256818554345767184732007966129924441573538774693561140355076529988311286881459457585518,-8.89251824159238530791855423134618767323263533021751393978814646321332022995644490579615149e-61,8.26627162382063278848126302005338656537410013082820798614193560203973052685640849881047361e-61,-3.2780534038162232477961086229837311542360480338458437464772214224962298927117416856370397e-61,8.89251824159238530791855375368286004935568075344337892294194564664261970202874307983460658e-61,0.0,1e-50,True
42,127.516683879596495124279323766906076268088309881554982482799779735245526688780121336787899,(0.5 + 127.516683879596495124279323766906076268088309881554982482799779735245526688780121336787899j),0.5,127.516683879596495124279323766906076268088309881554982482799779735245526688780121336787899,-1.71149115929813471451006969950661849921266854788750068166275166508733172446589301817278357e-60,8.95783652749781990748442430568120272502582573819201838086385155108690419678280089664224199e-61,1.45834619889172102333980639963902464780886126196868681898868315232925455232969335084258815e-60,1.71149115929813471451006978488058403847712635424619922084999074317245569355876731891321916e-60,0.0,1e-50,True
43,129.578704199956050985768033906179973608640953264659431030470839794379757346178340614787794,(0.5 + 129.578704199956050985768033906179973608640953264659431030470839794379757346178340614787794j),0.5,129.578704199956050985768033906179973608640953264659431030470839794379757346178340614787794,-4.7929219083886719386939050082367732094828699498393850451626223191526578338259675278665019e-61,-2.38669371046714139237602882342257602133861180595134171790083288062621492115216183482365221e-61,-4.15641595035057794420967642360140388999466496571818040382008569752880706479402601295533276e-61,4.79292190838867193869390480141989497740953227813394383280863498986821970636179640156924911e-61,0.0,1e-50,True
44,131.087688530932656723566372461501349059203547502975045383139924743129530561497254396355534,(0.5 + 131.087688530932656723566372461501349059203547502975045383139924743129530561497254396355534j),0.5,131.087688530932656723566372461501349059203547502975045383139924743129530561497254396355534,-7.7790461886749437633949966190147328805190550406547477255347981157358918848068825726231586e-61,-2.53963138850969702626580795439342321373039896178918925564185460402973406666866441019638555e-61,7.35281116417622118488553459069775210867398386967460917209351554441204184079143420101411773e-61,7.77904618867494376339499644749617298709013025651240190488478854336485311121859794147196457e-61,0.0,1e-50,True
45,133.497737202997586450130492042640607664974174943904675015102258401482776327288119353129509,(0.5 + 133.497737202997586450130492042640607664974174943904675015102258401482776327288119353129509j),0.5,133.497737202997586450130492042640607664974174943904675015102258401482776327288119353129509,-1.03859493455465522211338235630041038405167574772451629815962860795031804008164843652848722e-60,-2.03993442146017050527299120442926128417709542995583164090210127048975045967704033968597515e-61,-1.01836443066517604999006405419609755432585057395200201700275500076801327158143613821111289e-60,1.03859493455465522211338228933758533790821999435116661217364790889532508947497010960611217e-60,0.0,1e-50,True
46,134.756509753373871331326064157169736178396068613647164416976093095959731033566685465759531,(0.5 + 134.756509753373871331326064157169736178396068613647164416976093095959731033566685465759531j),0.5,134.756509753373871331326064157169736178396068613647164416976093095959731033566685465759531,2.18608614928753791732914086421730297626406992175520170201556904646956447409089735105822067e-61,1.85980381670226947623941684813117429496930420212184170303698175736554300277711483158586288e-61,-1.14895709906266158977615201032249630521906294424086683317086417365657193874212387065820539e-61,2.18608614928753791732913993044408790527359028027196374811593174531301225752463680917450223e-61,0.0,1e-50,True
47,138.116042054533443200191555190282447859835274624146235685344828859651740449779595336401857,(0.5 + 138.116042054533443200191555190282447859835274624146235685344828859651740449779595336401857j),0.5,138.116042054533443200191555190282447859835274624146235685344828859651740449779595336401857,9.19503016787308224571545777454884453222329677765097948478129555535137268568758145502035264e-61,7.79273138619367440748638303848051056258782093120043563395363074288212996580465155524154469e-61,4.88077015753949397149588062632263169255775892819957843248775320533129817847706165339245244e-61,9.1950301678730822457154575573216948996712220128807028083295360966410038404852978826616073e-61,0.0,1e-50,True
48,139.736208952121388950450046523382460846790052565382603081370135493317621339693876429145799,(0.5 + 139.736208952121388950450046523382460846790052565382603081370135493317621339693876429145799j),0.5,139.736208952121388950450046523382460846790052565382603081370135493317621339693876429145799,-1.48468250947674205845552233175277379616420665304391136293545419514208404473440058149622843e-61,5.475515259747717839674444875411233651163822452649238065406714551743710598963149591782516e-62,1.38002517380983130114675315407298069497436594253084977491111885651266073895162666850217014e-61,1.4846825094767420584555224848827937254426962004835674088158282552628741163943133134324406e-61,0.0,1e-50,True
49,141.123707404021123761940353818475355090300660879747620032104664826058453208792604018313806,(0.5 + 141.123707404021123761940353818475355090300660879747620032104664826058453208792604018313806j),0.5,141.123707404021123761940353818475355090300660879747620032104664826058453208792604018313806,-5.44713452494855014315913915783199996783700014725247791559393299294926923787388048480929704e-61,3.1138600046986946372881252495282889254677436266257849748251875980536371157325738784610371e-61,-4.46935682218642198818712153082181891065700907827939514356793887620029166486164286826568387e-61,5.44713452494855014315913840920115294586188405257459158109454432765433473081105888274257334e-61,0.0,1e-50,True
50,143.11184580762063273940512386891392996623310243035463254859852336784339422837305132142589,(0.5 + 143.11184580762063273940512386891392996623310243035463254859852336784339422837305132142589j),0.5,143.11184580762063273940512386891392996623310243035463254859852336784339422837305132142589,-1.53951070102947764313763856369818705739706881963852270221185888679289219445710946151745001e-60,-9.31491492903051380338857945733293295799541693802774022360567060366408611786494233516303768e-61,1.22573112762690263459576135503150145022652173753444788736632333491971171832057426358608955e-60,1.53951070102947764313763863681516981453942883283098489548743121741703727286879019585594527e-60,0.0,1e-50,True
51,146.00098248676551854740250759642468242897574123309580363697688461710544332980631408018113,(0.5 + 146.00098248676551854740250759642468242897574123309580363697688461710544332980631408018113j),0.5,146.00098248676551854740250759642468242897574123309580363697688461710544332980631408018113,-1.13508959340799573100742297391401687386230588066050122470767372106966837541029685917302189e-60,-7.64043539772588891104047801715960429832785449431949686754118040615196913479265051269583621e-61,-8.39443776792050226809761349983057942260248376240746992517879631730188986886257644706458015e-61,1.13508959340799573100742288357859695766893348009855666430863798067690066877315916301504188e-60,0.0,1e-50,True
52,147.422765342559602049521185010431506168772775250476830601010461250088031971886619538579435,(0.5 + 147.422765342559602049521185010431506168772775250476830601010461250088031971886619538579435j),0.5,147.422765342559602049521185010431506168772775250476830601010461250088031971886619538579435,-1.2321002410703655192623139379147825668854447645591334534352011274201609947796616362684897e-60,-2.00499474730185567462661416084412701912214234513623023643315097962635925235132322828926289e-61,1.21567716301597625534921287039081157403578902915390374867017632849732740295799622422954259e-60,1.23210024107036551926231402612570134077853761961162705800503761350624150814410682098553977e-60,0.0,1e-50,True
53,150.053520420784880351432467236959370623037321559528200448429111337168103242312793209339208,(0.5 + 150.053520420784880351432467236959370623037321559528200448429111337168103242312793209339208j),0.5,150.053520420784880351432467236959370623037321559528200448429111337168103242312793209339208,1.00621141244137803226332109096335624248248781477133307830469542049419328152889279683229523e-61,7.60704478575188345207106061638619643239793771124034195134962537929697183590366842211541163e-62,6.58627438543918990148517981364062048843227077398381631739595320466793630109813375615867722e-62,1.00621141244137803226332173873516083295996921647988779241056426588198491701101873494619184e-61,0.0,1e-50,True
54,150.925257612241466761852524678305627602426770472996717700311355141100681134272843712245034,(0.5 + 150.925257612241466761852524678305627602426770472996717700311355141100681134272843712245034j),0.5,150.925257612241466761852524678305627602426770472996717700311355141100681134272843712245034,-2.97041381681189671392123653801350747755884574857891381266307489712651437347154321065884515e-61,-2.32694358604850182699632655216212548578214097676350887531462954949979656434280649855126541e-61,1.84626427968878790810936468822635849058511411828992543417534530523728734701838411120034631e-61,2.97041381681189671392123656656302963272314645035496303601644900724954854098960021262675977e-61,0.0,1e-50,True
55,153.024693811198896198256544255185446508590434904145506675199767423696637148262678635764184,(0.5 + 153.024693811198896198256544255185446508590434904145506675199767423696637148262678635764184j),0.5,153.024693811198896198256544255185446508590434904145506675199767423696637148262678635764184,-5.94291453108623905333887092061101245958287398687387803281112217127647158818231216574969676e-61,3.81690585558331694369634233807392143456843533644935745203673099011491036202835204103724725e-61,-4.55515782530196859771812067671735008656811274266081997909263470889785844785291484067298894e-61,5.94291453108623905333886960040604116087944808950142539086991686887081879906558979110657061e-61,0.0,1e-50,True
56,156.112909294237867569750189310169194746535308500942920803856078040473890405782160276184521,(0.5 + 156.112909294237867569750189310169194746535308500942920803856078040473890405782160276184521j),0.5,156.112909294237867569750189310169194746535308500942920803856078040473890405782160276184521,3.65050802432606946385005893617957261369394776599094281190609510557808214666033456445327566e-61,-3.2637983378276980586293708163785204872168258043641709353916258068105680240339909607707896e-61,-1.63518477416534743740849949617735434237486033438157767892476229043654491092682628886726592e-61,3.65050802432606946385005854248709624246885728483448327609776495859557466581776275424487434e-61,0.0,1e-50,True
57,157.597591817594059887530503158498765730723899519141733538249617233142651140841637282869922,(0.5 + 157.597591817594059887530503158498765730723899519141733538249617233142651140841637282869922j),0.5,157.597591817594059887530503158498765730723899519141733538249617233142651140841637282869922,-6.56537417107676467895940024713066185764492461308511107284804584852574357167745943859506358e-61,-2.2709158991134740598399704080928937283564539595915532376998660305492524661742576507222642e-61,-6.16012004634613891285960322702263356708784241088487321355518640232825541442368029750569159e-61,6.56537417107676467895940017467655024709355187681863383666842271139397236645122279648199713e-61,0.0,1e-50,True
58,158.849988171420498724174994775540271414335083049426966257724183752305881286367202665534113,(0.5 + 158.849988171420498724174994775540271414335083049426966257724183752305881286367202665534113j),0.5,158.849988171420498724174994775540271414335083049426966257724183752305881286367202665534113,-7.2778914389355066521826743810932221128053221886185249982777203742348560280158680114755602e-61,-5.05701674918974168974246107133531872183061667208220977402028503530614903566626621748527179e-61,5.23395504330569854638203204060962367637527124359696927010999327229255188885856032963221942e-61,7.27789143893550665218267488323912794290946182374759003147075019453735779889924514072208785e-61,0.0,1e-50,True
59,161.188964137596027519437344129369554364915790327475466579188093598671058521022002558355016,(0.5 + 161.188964137596027519437344129369554364915790327475466579188093598671058521022002558355016j),0.5,161.188964137596027519437344129369554364915790327475466579188093598671058521022002558355016,-7.01794970229608635148542915453523882656441130202751456268207727132550294545310768837601005e-61,8.65833501316182151975988550170996444180024702667866143316365350421644465769705785666424332e-62,-6.96433416573015168296445951900912358999639337692621536655554498584269421784754156699762166e-61,7.01794970229608635148542859936262305286316279433575334058517825388016697734453735573823798e-61,0.0,1e-50,True
60,163.030709687181987243311039000687994896964461416477683115209591563184077331894495003936757,(0.5 + 163.030709687181987243311039000687994896964461416477683115209591563184077331894495003936757j),0.5,163.030709687181987243311039000687994896964461416477683115209591563184077331894495003936757,5.46056868897457097358227987128511004222845481034454751610820993488447591613207542960255508e-61,1.46748130875186596459192741335898260024149011517834527214298072610870850995125475969803466e-61,-5.2596871594680776667081860171726307614286764438837239355260488872549610770623816091698629e-61,5.46056868897457097358228055598082853543931361746978988835834980340929072380294069836918883e-61,0.0,1e-50,True
61,165.537069187900418830038919354874797328367251745068604478953154201684807161560469978523055,(0.5 + 165.537069187900418830038919354874797328367251745068604478953154201684807161560469978523055j),0.5,165.537069187900418830038919354874797328367251745068604478953154201684807161560469978523055,-1.37094553590588805294915805007305787217266349242746804328126820713890207539078032719889082e-60,-8.58126663355153411958004124938536343581191442058101511114077083675803435529826292279232722e-61,-1.06916336079162093356605777884487049356102564971410715139584595017092370006591322812422558e-60,1.3709455359058880529491579945678556912594883307863018000143618139215185556715987697722773e-60,0.0,1e-50,True
62,167.184439978174513440957756246210378736460769242616767361106993304435609234222632418857635,(0.5 + 167.184439978174513440957756246210378736460769242616767361106993304435609234222632418857635j),0.5,167.184439978174513440957756246210378736460769242616767361106993304435609234222632418857635,3.2167959859318321404907564859834844036819498702930176816892423911070298672239086341824227e-61,-7.4388158322632622280374851622810089201225086763019680298903791843415585692138329789686057e-62,-3.12960326642912396732123890874881188086464796599091357134592511600975974986982139222226804e-61,3.21679598593183214049075592985592850241613502653241031745584478428440144764113513236453629e-61,0.0,1e-50,True
63,169.094515415568821489505871181431834796667648580441625087382148995690779671137183456951801,(0.5 + 169.094515415568821489505871181431834796667648580441625087382148995690779671137183456951801j),0.5,169.094515415568821489505871181431834796667648580441625087382148995690779671137183456951801,-1.93839779333826087434810951382190976165985618207081457567450667613104022109081990604727794e-61,-4.43594163278897623886490080700806063233318442435393144511726031729265730604396958356371035e-62,-1.88695792839255794271491380650672268079539032511918612948654513756447416232149119900481674e-61,1.93839779333826087434810932397840848175748510256843534711004370352807257627436266345883217e-61,0.0,1e-50,True
64,169.911976479411698966699843595821792288394437125341373018541441933704676774435365853637053,(0.5 + 169.911976479411698966699843595821792288394437125341373018541441933704676774435365853637053j),0.5,169.911976479411698966699843595821792288394437125341373018541441933704676774435365853637053,-6.44943310673568471965413284951348691437443342616300585282554123451717450184167791453707045e-61,-6.44928137184538365533071625344842305905979810105670119385176688701277865757625711586422519e-61,4.42400839333770761936818464716608365231764386334797432083855413520209379784566949136369883e-63,6.44943310673568471965413329284031700125779734151077974495795011304056756285106218438421081e-61,0.0,1e-50,True
65,173.411536519591552959846118649345595254156066063420117933682285321334200100817722085200834,(0.5 + 173.411536519591552959846118649345595254156066063420117933682285321334200100817722085200834j),0.5,173.411536519591552959846118649345595254156066063420117933682285321334200100817722085200834,-2.44737303199114925870495297721943455790886534442411841520567607992327055895472209216076644e-61,-2.16089261894983369803768406231735631887333449706746948807566300174236002193605689601430957e-61,-1.14898992471025598421238562634110725939991215589794729453878175863366369994433194461645615e-61,2.44737303199114925870495224834780153094411631005103476028626949952444745041623176870283163e-61,0.0,1e-50,True
66,174.754191523365725813378762455866917938755717620571663445611547837483343028017451849402705,(0.5 + 174.754191523365725813378762455866917938755717620571663445611547837483343028017451849402705j),0.5,174.754191523365725813378762455866917938755717620571663445611547837483343028017451849402705,-9.40995539142965947882907040886003558647828658148998164150371950482975672790906300235182882e-61,1.59587985608648595006359642532914620066208997535069129142188344793113616963236319912342232e-61,9.27364156918054995151394045216942163411203110060547980558793501702393229526496782070994831e-61,9.40995539142965947882907062898387841713820205138827650864325303004940349604670144433052954e-61,0.0,1e-50,True
67,176.441434297710418888892641057860933528118497108809715347612615869956598682124509737277851,(0.5 + 176.441434297710418888892641057860933528118497108809715347612615869956598682124509737277851j),0.5,176.441434297710418888892641057860933528118497108809715347612615869956598682124509737277851,2.22554331776063536316500791855554842446045386683549595517214212850679366103305816271409074e-61,-3.58194401500195602251935469636424951177097464658806908405718081769282629230207770877907959e-62,2.19652904145675548552611151563769213865909321391843701123315565218535789224400479333632711e-61,2.22554331776063536316500862504955333074893179489035104139546099416031429236392766467792131e-61,0.0,1e-50,True
68,178.377407776099977285830935414184426183132361461272503701489041021938201929014603382899593,(0.5 + 178.377407776099977285830935414184426183132361461272503701489041021938201929014603382899593j),0.5,178.377407776099977285830935414184426183132361461272503701489041021938201929014603382899593,-6.1542025793949313705440713243545130888386198918170448521866975061471007504815090946071932e-61,-4.28039692183299889401413119195765443331444175708437369679611397567394788451563517671499249e-62,6.13929893474384031308872835449776387427348451500662900776904374816276327622490083443715202e-61,6.15420257939493137054407230405607269959655994318691022882637281602255883378535012975570984e-61,0.0,1e-50,True
69,179.916484020256996139340036612051237453687607553018406541300670513435311044112721978858362,(0.5 + 179.916484020256996139340036612051237453687607553018406541300670513435311044112721978858362j),0.5,179.916484020256996139340036612051237453687607553018406541300670513435311044112721978858362,-4.92208492548314593387507471434787825317582926453087872970578452662135364500104597340347915e-61,2.91173305159332022710232945284831590384747835538775844624961419355213309564284828936004763e-61,-3.96846704029748462129530929383004264905799479685629447818695955187901019679220988262979876e-61,4.92208492548314593387507300380587513051640360123901437639143004803609589849113014455526501e-61,0.0,1e-50,True
70,182.207078484366461915407037226987798690797457778239908766630064788604544971848405827633721,(0.5 + 182.207078484366461915407037226987798690797457778239908766630064788604544971848405827633721j),0.5,182.207078484366461915407037226987798690797457778239908766630064788604544971848405827633721,-1.24472008105016881915347040216057719821114910262025407179614544550687535631473784281498646e-60,9.28933438960685469229834461030422188479773382348687037579178235422466154672382787219838436e-62,1.24124893024298134889818028812046493122109654990386611662753398427906667668950586022428737e-60,1.2447200810501688191534705308250642803605072036592809198188496389878198084477831659291677e-60,0.0,1e-50,True
71,184.874467848387508800960646617234258413351022911950667773178644752746147991057063653715765,(0.5 + 184.874467848387508800960646617234258413351022911950667773178644752746147991057063653715765j),0.5,184.874467848387508800960646617234258413351022911950667773178644752746147991057063653715765,1.07659199747893527985556115571237349181786191695554375889585716129250149366080862792003963e-61,1.06649413141774213781064945789603290127320435278924145229851038808558808801300635488740485e-61,1.47107432467566200497118747107915192375973380906552405560384852828672588066897237741982388e-62,1.07659199747893527985556158658715417291061763030781105318195273143872388459517674100838551e-61,0.0,1e-50,True
72,185.598783677707471466527704268392646612934717649513283088919796510687293257705604937096947,(0.5 + 185.598783677707471466527704268392646612934717649513283088919796510687293257705604937096947j),0.5,185.598783677707471466527704268392646612934717649513283088919796510687293257705604937096947,-3.45662193139470073914380997242745727509995335557414122799271772393241665922126881220189465e-61,-1.60359026824701277101930917925151432686084415131201488294721300411999741737290326448603994e-61,3.06214523303227811614217853886070601482773461700524734965924104385083999394807758524670779e-61,3.45662193139470073914380984094723663890365757662351394841583962263399218219266724702264337e-61,0.0,1e-50,True
73,187.228922583501851991641540586131243016810734603990319151464202730928693607275086589170529,(0.5 + 187.228922583501851991641540586131243016810734603990319151464202730928693607275086589170529j),0.5,187.228922583501851991641540586131243016810734603990319151464202730928693607275086589170529,-1.22731658904125061912801747314727921449563132244086930086428544532036431025578271870877605e-60,9.30792149134579771037144585259516403275533081410015755168397234473993844130390295559268486e-61,-7.99957489398830661211556843064198457986525016414880866936514747302394290948300285735295335e-61,1.22731658904125061912801740517664332539972153264223670470963078530811440113107115753922336e-60,0.0,1e-50,True
74,189.416158656016937084852289099845324491357103023193354355419942657215356230095766507208128,(0.5 + 189.416158656016937084852289099845324491357103023193354355419942657215356230095766507208128j),0.5,189.416158656016937084852289099845324491357103023193354355419942657215356230095766507208128,-2.42305821794793993591449547347599304715841796135651341235184734792348818162026024800431755e-60,-6.78568733411602578128304550003342073458425755513930289409910419042759774308655789897662107e-61,2.3261030935023537392882105131308525141052068009582524257124142415232690587775513578078001e-60,2.42305821794793993591449567006472971564297895858997733703547295355545795264271609811267177e-60,0.0,1e-50,True
75,192.026656360713786547283631425583430105839920297977096916289123084886150791691378327499383,(0.5 + 192.026656360713786547283631425583430105839920297977096916289123084886150791691378327499383j),0.5,192.026656360713786547283631425583430105839920297977096916289123084886150791691378327499383,-9.61966908872757770013622181430521069885704786936282422559513885040168137784325393420121572e-61,-8.24338915268575662559309322044147602066828347344664486439217631406842334790862857963029937e-61,-4.95828283319978314905899676691047958503174482909412193745197064503622434251058197549974721e-61,9.61966908872757770013622084651019991322094840592929489811828273965328904266498609642220361e-61,0.0,1e-50,True
76,193.079726603845704047402205794376054604020615810548860138504355990811592017432781523803204,(0.5 + 193.079726603845704047402205794376054604020615810548860138504355990811592017432781523803204j),0.5,193.079726603845704047402205794376054604020615810548860138504355990811592017432781523803204,-3.82329516689332561416835867956386285533798624454870867557198492082080404466632332684388601e-61,-1.16722109116102229552553618123929145768192725470343210818627323517159237805262610282912557e-61,3.64076652060232160137527433984941781129821188599203606267118049991763598431392739943924395e-61,3.82329516689332561416835949078541987963411602838097802761845835445446358112993174087298928e-61,0.0,1e-50,True
77,195.265396679529235321463187814862250926905052452286924060110977035250554562742433186222833,(0.5 + 195.265396679529235321463187814862250926905052452286924060110977035250554562742433186222833j),0.5,195.265396679529235321463187814862250926905052452286924060110977035250554562742433186222833,1.14879149573827977696842347064741746801418676946655856368383191804611221582624587544142084e-60,3.36779903398628358858887557186614762168291973057521770068599681212777582455180460292567898e-61,1.09831743924395766363279522086960146530712965586579610550781742846607011882162029259949384e-60,1.14879149573827977696842355724415729451568116960950788419263531412474447397479231047230817e-60,0.0,1e-50,True
78,196.876481840958316948622263914696207735746028691942215482823173543413984225614383812276576,(0.5 + 196.876481840958316948622263914696207735746028691942215482823173543413984225614383812276576j),0.5,196.876481840958316948622263914696207735746028691942215482823173543413984225614383812276576,-7.89067028122297425272841112164268748000181552161887174416246292658101399381077147901252822e-61,-5.71697387165243100879172791767322971208622263528008569311081511640356595815863620833721678e-62,7.86993262896728269780853381567098459925362211137961214645078187675382920078956993244050005e-61,7.8906702812229742527284111026219365995523937671523298068299803169666892921718584961382861e-61,0.0,1e-50,True
79,198.015309676251912424919918702208867155062695438570996721534801669709085226841283901329587,(0.5 + 198.015309676251912424919918702208867155062695438570996721534801669709085226841283901329587j),0.5,198.015309676251912424919918702208867155062695438570996721534801669709085226841283901329587,2.38326473143812229428340321269977426771732910831742184767714878550735959770441328256414041e-61,-2.26243612578607551534134130813012542813192558371838530808510258448239609049956417914408678e-61,7.49221967680418640207503748212564745657634570813110548607458359073515118795579279522936164e-62,2.38326473143812229428340416974452236566835533337047707859334813340139963228228190554508881e-61,0.0,1e-50,True
80,201.264751943703788733016133427548173222402863639186734080632720277435639230440625154669601,(0.5 + 201.264751943703788733016133427548173222402863639186734080632720277435639230440625154669601j),0.5,201.264751943703788733016133427548173222402863639186734080632720277435639230440625154669601,-1.61660834363564857002238617011304203169529398026689285134139932224406270297657285696946691e-60,1.52184699938624103744518759351264117187112475715498736061992906087550120523084279470964108e-60,5.4534782219377174645847142861998542435921495655184992880254899368381077841438570393232719e-61,1.61660834363564857002238620471277662675353625906316074453731751851049783614302278197372835e-60,0.0,1e-50,True
81,202.493594514140534277686660637864315821020244899420053909069154150835219689452873706055018,(0.5 + 202.493594514140534277686660637864315821020244899420053909069154150835219689452873706055018j),0.5,202.493594514140534277686660637864315821020244899420053909069154150835219689452873706055018,-2.9986266773908760967281176325346706184212894227173714017551096419383455234388877496401348e-61,-6.45682569597105992167839329382215897687117848287862222011919887509138258514261657016148759e-62,-2.92828550002876660897991351346573905184463507261028252327455853147170852684955530353126543e-61,2.99862667739087609672811711280966906937115030514849510545183110696315688214690660148294737e-61,0.0,1e-50,True
82,204.189671803104554330716438386313685136534529228741907350959679958761927175079112495272816,(0.5 + 204.189671803104554330716438386313685136534529228741907350959679958761927175079112495272816j),0.5,204.189671803104554330716438386313685136534529228741907350959679958761927175079112495272816,5.37015155351305513352979849494548302779827336317059117593340908101967259701026766528350606e-61,-1.29241599579258775884767300769120890924039885938153381135790229329971200997735295585545884e-62,-5.36859612157935326198205466269786467705180870404521893583182078047458845633799224701211495e-61,5.37015155351305513352979818226142685185004322126043810162724537412585791760622042806454738e-61,0.0,1e-50,True
83,205.394697202163286025212379390693090923722914772048407002134095789063242301116365502336188,(0.5 + 205.394697202163286025212379390693090923722914772048407002134095789063242301116365502336188j),0.5,205.394697202163286025212379390693090923722914772048407002134095789063242301116365502336188,1.04147416824971301377808952811939169335008807921788297505863609046986773514235303969496505e-60,-8.86520259743694943523145599684431203196015366351451113657449597227171727711484330079748785e-61,5.46580526725388544680279911248487661219530888077197837044152334536520799038317101716836902e-61,1.04147416824971301377808956420218228684346322272130262822733405975038282125723123655964749e-60,0.0,1e-50,True
84,207.906258887806209861501967907753644268659403768883999858657527268232733127160221045527286,(0.5 + 207.906258887806209861501967907753644268659403768883999858657527268232733127160221045527286j),0.5,207.906258887806209861501967907753644268659403768883999858657527268232733127160221045527286,1.09176401605131123168566104961662552140512759731096876264692249476253327077254996203320132e-60,-2.45422500580897236214377021182651467580378629030104993250204408451587528488869730086916566e-61,-1.06382163117371667049109616070605370182023924048428715921771477858164230589512835502922332e-60,1.09176401605131123168566086191359558761642653133053888076447982087565189238782062769768734e-60,0.0,1e-50,True
85,209.576509716856259852835644289886752175390783181326162468977453728217313534443092870526,(0.5 + 209.576509716856259852835644289886752175390783181326162468977453728217313534443092870526j),0.5,209.576509716856259852835644289886752175390783181326162468977453728217313534443092870526,1.57312238665787182674814864171540274226893946947588865651009581016294011471504507690316667e-60,1.69322115553662208351249997254465307869938789436623010329325890586923580350463683844106269e-62,1.57303125958005142073068334971634039663354617954936190386406944190811008021791695509495366e-60,1.57312238665787182674814878452506607070588652058731770054493974172529286842762927066632313e-60,0.0,1e-50,True
86,211.690862595365307563907486730719294253394030982935643736210014647280618789483251880255399,(0.5 + 211.690862595365307563907486730719294253394030982935643736210014647280618789483251880255399j),0.5,211.690862595365307563907486730719294253394030982935643736210014647280618789483251880255399,5.74361723422946978395177244325953742539061106548827512441193587495960143425396585383070662e-61,-3.15832928671447660213457019976505787372461183123895999539184730704569442265329779748694992e-61,-4.79730080879023151315449598371945223543065973732734440722011233618094931690972991751749833e-61,5.74361723422946978395177169379034597206453203293240596167395087126860343381346538408488763e-61,0.0,1e-50,True
87,213.347919359712666190639122021072608821897183276633069059853704512797189391520049318239725,(0.5 + 213.347919359712666190639122021072608821897183276633069059853704512797189391520049318239725j),0.5,213.347919359712666190639122021072608821897183276633069059853704512797189391520049318239725,-1.5132200495245345229031177756466918284879300646336182548276635338994884391487191749530441e-61,-5.30247577605128469908913107593536695618265684060415151770106348232049259808662195673719793e-62,-1.41727641084120495387868143133676292565359392438414931038825291559558241466394395470941387e-61,1.51322004952453452290311722366507585544915150097862433170897370430970958161990985718046963e-61,0.0,1e-50,True
88,214.547044783491423222944201072590691045599888053083076400081619487343267637662019837277649,(0.5 + 214.547044783491423222944201072590691045599888053083076400081619487343267637662019837277649j),0.5,214.547044783491423222944201072590691045599888053083076400081619487343267637662019837277649,9.53777458490609030163325264150688680822562576240112607021988846620495792731648138366397116e-61,5.91097244169055300765196987028406675333677944767705871599023598449672457764925312361953266e-61,-7.48528882716327554004280612837214299940687910827506745003732035372662919610099538458161446e-61,9.53777458490609030163325206122971631274740572130727007683009113344696168704500744991858443e-61,0.0,1e-50,True
89,216.169538508263700265869563354498128575453714274164110976376150373517713392376925344063656,(0.5 + 216.169538508263700265869563354498128575453714274164110976376150373517713392376925344063656j),0.5,216.169538508263700265869563354498128575453714274164110976376150373517713392376925344063656,-8.49454634144839287813990611922656716615051032563381836453280045166696788482601429395351787e-61,6.87343600312423204002258660423821058330820270620825753945461742615609583961124458823309569e-61,-4.99131195758889212745229366954616079843960945528971336384455189954658266201257984034434709e-61,8.49454634144839287813990285944877468838043838798413860600585679486263120606576353459371405e-61,0.0,1e-50,True
90,219.067596349021378985677256590437241245149182927011351373557874789405604554001327399680107,(0.5 + 219.067596349021378985677256590437241245149182927011351373557874789405604554001327399680107j),0.5,219.067596349021378985677256590437241245149182927011351373557874789405604554001327399680107,8.41436753946964915337924649533605271647957172337615963116717398020604718414710961021172017e-61,-7.30839021732372452048484633924810743549398724785563345995268946875029749653762495701719605e-61,-4.17001361156140596798617579139878549011757304216238197731170832838029547303943895159484282e-61,8.41436753946964915337924512568319631262464169105282537444339925853636202762116273573761916e-61,0.0,1e-50,True
91,220.714918839314003369115592633906339656761145077661965701611932329530478167342779096474222,(0.5 + 220.714918839314003369115592633906339656761145077661965701611932329530478167342779096474222j),0.5,220.714918839314003369115592633906339656761145077661965701611932329530478167342779096474222,4.26124709124387574514111960142696468316085036439071807016319468306532279193354251888194248e-61,3.17032597689102486484604245884207979364300867513223374370503404181403431001042246273290515e-61,2.84732505571182735918578913346854342252222506094679503500947005225904979337337400294287896e-61,4.2612470912438757451411196534468393641753828725811620115870943472556872237266723169508538e-61,0.0,1e-50,True
92,221.430705554693338732097475119276077950222331077319909379419951617762066627051757411015862,(0.5 + 221.430705554693338732097475119276077950222331077319909379419951617762066627051757411015862j),0.5,221.430705554693338732097475119276077950222331077319909379419951617762066627051757411015862,-1.68346194728857403231422807966512117354399069627256910814840742132997860687183184281489554e-61,-1.44171163748323777078489685149966216340980226331286150378455313349305999841299353148322248e-61,8.69201750063838061344985183189779218513596639945837147388378600335988020081427045452565499e-62,1.68346194728857403231422873625311891662068159323747995830546686441908110386029197569294949e-61,0.0,1e-50,True
93,224.007000254604335211728875528504895356085989949595529762950360341091096607079050068266723,(0.5 + 224.007000254604335211728875528504895356085989949595529762950360341091096607079050068266723j),0.5,224.007000254604335211728875528504895356085989949595529762950360341091096607079050068266723,-9.03518030980588550106830382462994253914895018927190682885852327386089437915821219390005509e-61,-3.73610005787703152261665734729633241234668319638736952818494617709392470407055941978353049e-61,-8.22654481469804057918045681456255663678789308919591939353873954869851575790491160215220763e-61,9.03518030980588550106830307783299173491751088095321156469394313090835511403865177488101058e-61,0.0,1e-50,True
94,224.983324669582287503782523680528656772090054485587426988477752464500833305872489521676697,(0.5 + 224.983324669582287503782523680528656772090054485587426988477752464500833305872489521676697j),0.5,224.983324669582287503782523680528656772090054485587426988477752464500833305872489521676697,2.38767523307976572027928974904649869925219853463574074582046727329591846044550781096373529e-61,1.96906691250054850809921031053374575546735402038479199087606278963142788567035694136766383e-61,-1.35046973781646466184287820483524721424393759393653099950524315009669633454552617102941756e-61,2.38767523307976572027928937848205701742953618292426048295801811506407205658633061627956211e-61,0.0,1e-50,True
95,227.421444279679291310461436160659639963969148321976628364893820337332939166008489393541612,(0.5 + 227.421444279679291310461436160659639963969148321976628364893820337332939166008489393541612j),0.5,227.421444279679291310461436160659639963969148321976628364893820337332939166008489393541612,1.31168878372714176209633288828630954064614502394232209325423347040552043672341691843152823e-60,3.33824663454503238809344397752344346736992427033991011366275746613965372787013939092827315e-61,1.26849854529876230569986833704009939385118517979533424261884433919265855259761425740912558e-60,1.31168878372714176209633302220814422664147404399299731698484661189467403774802040939788156e-60,0.0,1e-50,True
96,229.337413305525348107760083306055740082752341387818517532636492787938071339655461007414599,(0.5 + 229.337413305525348107760083306055740082752341387818517532636492787938071339655461007414599j),0.5,229.337413305525348107760083306055740082752341387818517532636492787938071339655461007414599,-1.12816760346148861748713965221535149195452367446187697954730138718429805973481575234350685e-60,5.97257017496116753753254087065325538532782337768689337030205938957605694353528170201848757e-61,9.57103022956087998328591727020825681640455681229173258307898437160574734736078738811346491e-61,1.1281676034614886174871397684832740358285343733515085246994942527435977612503416566183884e-60,0.0,1e-50,True
97,231.250188700499164773806186770010372606708495843123371406806030253011793087318000815070063,(0.5 + 231.250188700499164773806186770010372606708495843123371406806030253011793087318000815070063j),0.5,231.250188700499164773806186770010372606708495843123371406806030253011793087318000815070063,-1.34776273908631862562654185514213104539995397259965643240897116587211313459430434245836218e-61,-1.02201812144641105105812982548222522550077738769718884538885632079026488469188622417696672e-61,-8.78603073238766429946981610513002711427679706092837765636381918617909071459239546697010569e-62,1.3477627390863186256265412608411732290469902124217425250384840248803230677002385970809195e-61,0.0,1e-50,True
98,231.987235253180248603771668539197862205419833994562496484726823802749573922770379357317979,(0.5 + 231.987235253180248603771668539197862205419833994562496484726823802749573922770379357317979j),0.5,231.987235253180248603771668539197862205419833994562496484726823802749573922770379357317979,1.38013656359632297476898834814776160786205188491994749441872830431187381523267866427912034e-61,1.12385774710247573421365122148778573859006444279506904395906617599560060496548568644918748e-61,-8.01074714651021141856584957135731122707056032923430245631567955543498198115704465618081135e-62,1.38013656359632297476898774000818993076463435611237099340722050032225341284711415156947241e-61,0.0,1e-50,True
99,233.693404178908300640704494732569788179537227754565836363014808857049086087741385548979702,(0.5 + 233.693404178908300640704494732569788179537227754565836363014808857049086087741385548979702j),0.5,233.693404178908300640704494732569788179537227754565836363014808857049086087741385548979702,5.10035050462725157578404703282954251652199167064191441723927016973793928301121913195800633e-61,-4.3228950441019462532354307087934067763830811955935925719674059510119381025756280317152871e-61,2.70668685069593744387848794069328455148460397333728377156707590899500302553350419534474417e-61,5.10035050462725157578404878107474581238490882334806194138056861505087306856821164922482933e-61,0.0,1e-50,True
100,236.524229665816205802475507955662978689529495212189123700918961193333194782037063212388301,(0.5 + 236.524229665816205802475507955662978689529495212189123700918961193333194782037063212388301j),0.5,236.524229665816205802475507955662978689529495212189123700918961193333194782037063212388301,-8.2103366182125173018442002125226288944778534559378151508586440135359422330953670412866346e-61,6.79054291456279616120590243856945799269589251391340826083032336090501805147968342687334825e-61,4.61499234125500588888595293334372692293956270961280928370493262845363358644731131076645872e-61,8.21033661821251730184420244540291200058162774443808358182671999438105270414722083255214482e-61,0.0,1e-50,True
